index,published,keyword,domain,language,valid,title,description,url,image,archive,content,quote,de,en,la,added
c51093b7731639591d1a66a4c18deb02,2026-04-03T15:21:26Z,'irrigation',economictimes.indiatimes.com,en,0.7,Tender reforms introduced in infrastructure projects: PWD Minister,"The Delhi government has reformed its tendering process. Earnest Money Deposit submissions are now entirely online for Public Works Department and Flood Control & Irrigation Department projects. This digital shift eliminates physical deposits, reducing human …",https://economictimes.indiatimes.com/news/economy/infrastructure/tender-reforms-introduced-in-infrastructure-projects-pwd-minister/articleshow/130004127.cms,"https://img.etimg.com/thumb/msid-130004163,width-1200,height-630,imgsize-61968,overlay-economictimes/articleshow.jpg",,"New Delhi, The Delhi government has introduced a reform in the tendering process, making the submission of Earnest Money Deposit (EMD) completely online, PWD minister Parvesh Sahib Singh said on Frid… [+1186 chars]",,Ausschreibungsreformen bei Infrastrukturprojekten eingeführt: PWD-Minister. Die Regierung von Delhi hat ihr Ausschreibungsverfahren reformiert. Die Einreichung von Earnest Money-Einzahlungen für Projekte der Abteilung für öffentliche Arbeiten und der Abteilung für Hochwasserschutz und Bewässerung ist jetzt vollständig online. Dieser digitale Wandel macht physische Einzahlungen überflüssig und reduziert den menschlichen …,"Tender reforms introduced in infrastructure projects: PWD Minister. The Delhi government has reformed its tendering process. Earnest Money Deposit submissions are now entirely online for Public Works Department and Flood Control & Irrigation Department projects. This digital shift eliminates physical deposits, reducing human …","Reformationes tenerae in infrastructuris inceptis inductae: PWD Minister. Gubernium Dellium suum adsuetum processum reformavit. Arrha Depositum submissionibus nunc omnino online pro publicis operibus Department ac Diluvio Imperium & Irrigationes Department incepta sunt. Haec mutatio digitalis deposita corporis tollit, humana minuendo ...",2026-04-08 11:38:55+00:00
7d267aafcad768b884ff412ee6a9fee7,2026-04-03T17:40:59Z,'irrigation',timesofindia.indiatimes.com,en,0.7,No more physical EMDs: Flood Control tenders go fully digital,"Flood Control and Irrigation Department makes EMD submission fully online for tenders, ending physical deposits to boost transparency, fairness and reduce leaks.",https://timesofindia.indiatimes.com/city/delhi/no-more-physical-emds-flood-control-tenders-go-fully-digital/articleshow/130006788.cms,https://static.toiimg.com/photo/msid-47529300/47529300.jpg,,"<ul><li>News</li>
<li>No more physical EMDs: Flood Control tenders go fully digital</li></ul>
Follow Us On Social Media
US jobs beat forecasts in March, but analysts flag caution amid war impactQu… [+1624 chars]",,"Keine physischen EMDs mehr: Ausschreibungen zum Hochwasserschutz werden vollständig digitalisiert. Die Abteilung für Hochwasserschutz und Bewässerung macht EMD-Einreichungen für Ausschreibungen vollständig online und beendet physische Einlagen, um Transparenz und Gerechtigkeit zu erhöhen und Lecks zu reduzieren.","No more physical EMDs: Flood Control tenders go fully digital. Flood Control and Irrigation Department makes EMD submission fully online for tenders, ending physical deposits to boost transparency, fairness and reduce leaks.","Non plus corporis EMDs: Diluvium Control tenders plene digitales eunt. Diluvium Imperium et Irrigationes dolor facit EMD submissionem plene online pro tenders, physica deposita ad transparentiam boost, aequitatem et pinum reducere facit.",2026-04-08 11:38:55+00:00
24d8ea69bf48f3a227044087c3bfa0fe,2026-04-04T11:01:00Z,'irrigation',www.wired.com,en,0.7,Aiper IrriSense 2 Smart Irrigation System Review: Clever Yet Uneven,"This hose-attached smart sprinkler maps your yard, rotates on command, and measures water use. Despite these clever features, the results are a little uneven.",https://www.wired.com/review/aiper-irrisense-2-smart-irrigation-system/,"https://media.wired.com/photos/69d04ac03c40794b1d89ec0e/191:100/w_1280,c_limit/Review--Aiper-IrriSense-2-Smart-Irrigation-System.jpg",,"To use Area mode, you first have to define the boundaries of the area. This is done in the app via a process similar to what Ive encountered on some competing hardware devices. You fire up the mappin… [+2450 chars]",,"Testbericht zum intelligenten Bewässerungssystem Aiper IrriSense 2: Clever und doch ungleichmäßig. Dieser an einen Schlauch angeschlossene intelligente Sprinkler kartiert Ihren Garten, dreht sich auf Befehl und misst den Wasserverbrauch. Trotz dieser cleveren Funktionen sind die Ergebnisse etwas uneinheitlich.","Aiper IrriSense 2 Smart Irrigation System Review: Clever Yet Uneven. This hose-attached smart sprinkler maps your yard, rotates on command, and measures water use. Despite these clever features, the results are a little uneven.","Aiper IrriSense 2 Smart Irrigation System Review: Callidus Inaequalis. Hoc caligarum aspersorium vafrum mappis antenna tua, in praecepto circumagatur, et aquae usum mensurat. Quamvis haec lepida lineamenta, eventus paulo inaequales sunt.",2026-04-08 11:38:55+00:00
4f8d00a1ec9fb7202230653a90aa7624,2026-04-05T02:17:00Z,'irrigation',www.bgr.com,en,0.7,This Smart Solar Irrigation System On Amazon Can Save You Time And Money,"Have a green thumb and enjoy gardening, but looking for a handy gadget that can help you do things more efficiently? This Amazon item might fit the bill.",https://www.bgr.com/2135532/amazon-solar-automative-irrigation-system-save-time-money/,https://www.bgr.com/img/gallery/this-smart-solar-irrigation-system-on-amazon-can-save-you-time-and-money/l-intro-1774473945.jpg,,"We may receive a commission on purchases made from links.
Finding cool gadgets is what helps us get out of bed in the morning. Well, that and the caffeine but gadgets still help, too. Whether it's a… [+1234 chars]",,"Mit diesem intelligenten Solarbewässerungssystem bei Amazon können Sie Zeit und Geld sparen. Sie haben einen grünen Daumen und arbeiten gerne im Garten, suchen aber nach einem praktischen Gerät, mit dem Sie Dinge effizienter erledigen können? Dieser Amazon-Artikel könnte genau das Richtige für Sie sein.","This Smart Solar Irrigation System On Amazon Can Save You Time And Money. Have a green thumb and enjoy gardening, but looking for a handy gadget that can help you do things more efficiently? This Amazon item might fit the bill.","Hoc Smart solaris Irrigationis System In Amazon potest salvare te tempus et pecuniam. Habere pollex viridis et topiaria frui, sed quaerens gadget habilem quae tibi efficacius facere potest? Hoc Amazon item ut convenit rogationis.",2026-04-08 11:38:55+00:00
456705b67001e7732e1038afb6dc86e3,2026-04-05T16:30:32Z,'irrigation',english.gossiplankanews.com,en,0.7,Lal Kantha's reply to the rumors about the new house,"In a recent special interview conducted via a YouTube channel between the Minister of Agriculture, Land, Irrigation, and Livestock, Mr. Lal Kantha, and journalist Mr. Ruwan Liyanarachchi, there was a broad exchange of views on the Minister's personal life, cu…",https://english.gossiplankanews.com/2026/04/lal-kanthas-reply-to-rumors-about-new.html,https://lh3.googleusercontent.com/blogger_img_proxy/AEn0k_sBqO7tW27-H3BFe7_Y_5wYDIhv-qLGJBb7PIxBJ1Y2scnzLYZsENNCWiUz-g5KCrKPQH1gw6JIjoFsoQkTB4E0QIz4rNidmj-C7D3rU5oyzjUaZt8sNHleuam2RKLEUhJTnAAGT-f3WGWkziK9qJYITN2WbB3v_AMICmc=w1600,,"In a recent special interview conducted via a YouTube channel between the Minister of Agriculture, Land, Irrigation, and Livestock, Mr. Lal Kantha, and journalist Mr. Ruwan Liyanarachchi, there was a… [+7185 chars]",,"Lal Kanthas Antwort auf die Gerüchte über das neue Haus. In einem kürzlich über einen YouTube-Kanal geführten Sonderinterview zwischen dem Minister für Landwirtschaft, Land, Bewässerung und Viehzucht, Herrn Lal Kantha, und dem Journalisten Herrn Ruwan Liyanarachchi gab es einen umfassenden Meinungsaustausch über das Privatleben des Ministers, insbesondere über …","Lal Kantha's reply to the rumors about the new house. In a recent special interview conducted via a YouTube channel between the Minister of Agriculture, Land, Irrigation, and Livestock, Mr. Lal Kantha, and journalist Mr. Ruwan Liyanarachchi, there was a broad exchange of views on the Minister's personal life, cu…","Responsio Lai Kantha ad rumores de nova domo. In recenti speciali colloquio per a YouTube alveum egit inter Ministrum Agriculturae, Terrae, Irrigationis et Iumentorum, D. Lal Kantha, et diurnarii Magistri Ruwan Liyanarachchi, lata erat sententiarum permutatio de vita personali Ministri, cu…",2026-04-08 11:38:55+00:00
aab04752cd6eade7a2040e3eae264c92,2026-04-03T12:00:00Z,'irrigation',www.cbc.ca,en,0.9,Alberta's irrigators make case for major expansion plans,"After warm weather filled Alberta's irrigation reservoirs this winter, managers are stressing the need for expansion to secure water supply for farms in the future.",https://www.cbc.ca/news/canada/calgary/alberta-s-irrigators-make-case-for-major-expansion-plans-9.7150811,"https://i.cbc.ca/ais/a04f3423-6d3f-4155-9508-6453a2aaf724,1775151490086/full/max/0/default.jpg?im=Crop%2Crect%3D%280%2C545%2C4032%2C2268%29%3BResize%3D620",,"The amount of water allocated to farmers in Alberta's largest irrigation district is back to normal, but after a most-unusual winter.
Warmer temperatures and early snow melt in the southern Rocky Mo… [+5124 chars]",,"Albertas Bewässerungsanlagen sprechen für große Expansionspläne. Nachdem das warme Wetter in diesem Winter die Bewässerungsreservoirs in Alberta gefüllt hat, betonen die Manager die Notwendigkeit einer Erweiterung, um die Wasserversorgung der landwirtschaftlichen Betriebe in Zukunft sicherzustellen.","Alberta's irrigators make case for major expansion plans. After warm weather filled Alberta's irrigation reservoirs this winter, managers are stressing the need for expansion to secure water supply for farms in the future.","Albertae irrigatores causam maioris dilatationis consilia faciunt. Post imbrem tepidum in receptaculis Alberta irrigationem hanc hiemem impleverunt, administratores in luce ponentes necessitatem expansionis aquarum ad praedia obtinenda in futurum.",2026-04-08 11:38:55+00:00
f7cc8cc86bf5adeea272305b225da303,2026-04-03T14:00:00Z,'irrigation',journals.plos.org,en,0.9,Development of a coupled hydro-economic model to support groundwater irrigation decisions,"Groundwater sustains global agriculture but faces significant pressure from overexploitation, threatening long-term water security. Achieving a balance between agricultural productivity and sustainable groundwater use requires decision-support tools that can …",https://journals.plos.org/water/article?id=10.1371/journal.pwat.0000452,https://journals.plos.org/water/article/figure/image?id=10.1371/journal.pwat.0000452.g006&size=inline,,"Abstract
Groundwater sustains global agriculture but faces significant pressure from overexploitation, threatening long-term water security. Achieving a balance between agricultural productivity and… [+47541 chars]",,"Entwicklung eines gekoppelten hydroökonomischen Modells zur Unterstützung von Entscheidungen zur Grundwasserbewässerung. Das Grundwasser trägt zur Erhaltung der globalen Landwirtschaft bei, ist jedoch durch übermäßige Ausbeutung einem erheblichen Druck ausgesetzt, der die langfristige Wassersicherheit gefährdet. Um ein Gleichgewicht zwischen landwirtschaftlicher Produktivität und nachhaltiger Grundwassernutzung zu erreichen, sind Entscheidungshilfeinstrumente erforderlich, die …","Development of a coupled hydro-economic model to support groundwater irrigation decisions. Groundwater sustains global agriculture but faces significant pressure from overexploitation, threatening long-term water security. Achieving a balance between agricultural productivity and sustainable groundwater use requires decision-support tools that can …","Progressio exemplaris hydro-oeconomici coniugati ad fovendam irrigationem decisionum fundamentorum. Groundwater globalis agri culturam sustentat, sed pressionem nimiam significantium respicit, securitatem aquae diuturnum minans. Aequilibrium inter productivity agriculturae et sustineri groundwater usus requirit decernendi instrumenta quae possunt ...",2026-04-08 11:38:55+00:00
a9a48464f29885ea5931a3c218da5a02,2026-04-05T08:47:09Z,'irrigation',www.globalsecurity.org,en,0.9,DPRK Farms Make Efforts to Cope with Drought,The rural areas across the country concentrate their efforts on securing sufficient water resources and ensuring the full operation of irrigation equipment in order to cope with drought.,https://www.globalsecurity.org/wmd/library/news/dprk/2026/dprk-260404-kcna02.htm,,,"Korean Central News Agency of DPRK
Pyongyang, April 4 (KCNA) -- The rural areas across the country concentrate their efforts on securing sufficient water resources and ensuring the full operation of… [+1343 chars]",,"Bauernhöfe der DVRK unternehmen Anstrengungen, um mit der Dürre fertig zu werden. Die ländlichen Gebiete im ganzen Land konzentrieren ihre Bemühungen auf die Sicherung ausreichender Wasserressourcen und den reibungslosen Betrieb der Bewässerungsanlagen, um mit der Dürre fertig zu werden.",DPRK Farms Make Efforts to Cope with Drought. The rural areas across the country concentrate their efforts on securing sufficient water resources and ensuring the full operation of irrigation equipment in order to cope with drought.,DPRK praedia conatum tolerare cum Siccitate. Regiones rurales per regionem intendunt suam operam ut subsidiis sufficientibus aquarum consequendis et prospiceret plenam operationem irrigationis instrumentorum ad siccitatem tolerandam.,2026-04-08 11:38:55+00:00
990a90081706c0afa5270aae6b9b3a5a,2026-04-07T04:01:00Z,'water management',science.nasa.gov,en,0.3,Drought Parches Florida,"The state was unusually dry for much of 2025, but the intensity of the drought has ratcheted up since January 2026.",https://science.nasa.gov/earth/earth-observatory/drought-parches-florida/,https://assets.science.nasa.gov/content/dam/science/esd/eo/images/iotd/2026/a-dry-winter-for-florida/flordrought_grc_20260330_th.jpg/jcr:content/renditions/cq5dam.web.1280.1280.jpeg,,"Florida is among the wettest U.S. states, but that doesn't mean it is drought-free. Nearly all of Florida faced at least ""moderate"" drought, and nearly 80 percent faced ""extreme"" conditions in April … [+4573 chars]",,"Dürre trocknet Florida aus. Im Jahr 2025 war der Staat über weite Strecken ungewöhnlich trocken, aber die Intensität der Dürre hat seit Januar 2026 zugenommen.","Drought Parches Florida. The state was unusually dry for much of 2025, but the intensity of the drought has ratcheted up since January 2026.","Siccitas Parches Floridae. Res publica solito multo 2025 arida fuit, sed vehementia siccitatis ab Ianuario 2026 evulsa est.",2026-04-08 15:57:43+00:00
4e96ceb21910ab059bf8c18d59df525f,2026-04-02T00:02:03Z,'cloud seeding',www.digitimes.com,en,0.9,Taiwan deploys air force and drones for cloud seeding in Hsinchu,"Facing drought conditions, Taiwan's government has mobilized the air force and drones to conduct cloud seeding operations near the area over the Hsinchu Science and Industrial Park, a center of Taiwan's tech industry.",https://www.digitimes.com/news/a20260401PD234/taiwan-government-drone-water.html,https://img.digitimes.com/newsshow/20260401pd234_files/4_b.jpg,,"Keep me signed in
Some subscribers prefer to save their log-in information so they do not have to enter their User ID and Password each time they visit the site. To activate this function, check the… [+285 chars]",,"Taiwan setzt Luftwaffe und Drohnen zur Wolkenaussaat in Hsinchu ein. Angesichts der Dürre hat Taiwans Regierung die Luftwaffe und Drohnen mobilisiert, um Cloud-Seeding-Operationen in der Nähe des Gebiets über dem Wissenschafts- und Industriepark Hsinchu, einem Zentrum der taiwanesischen Technologieindustrie, durchzuführen.","Taiwan deploys air force and drones for cloud seeding in Hsinchu. Facing drought conditions, Taiwan's government has mobilized the air force and drones to conduct cloud seeding operations near the area over the Hsinchu Science and Industrial Park, a center of Taiwan's tech industry.","Taiwan explicat vim aeris et fuci ad nubem seminis in Hsinchu. Adversus condiciones siccitatis, regimen Taiwan vim aeris et fuci comparavit ut operationes seminis nubes gereret prope aream per Park Scientiae et Industrialis Hsinchu, centrum industriae technicae Taiwan.",2026-04-08 21:12:14+00:00
