day,sentiment_mean,sentiment_std,subjectivity_mean,subjectivity_std,counting
2025-09-10,-1.990943758182621,1.0,1.1989300114003605,1.0,1.0
2025-10-03,-1.6756692403631133,1.0,0.03785646077664486,1.0,1.0
2025-10-07,0.08278941290710277,1.0,-0.25600224062990456,1.0,1.0
2025-10-08,-0.4170224480617555,1.0,-1.2808623193659732,1.0,1.0
2025-10-09,-0.4396955471168465,0.8584992258572474,0.33170614609687304,0.841207044146046,6.0
2025-10-10,-0.16818320718623994,0.739102056489293,0.12136094210187086,0.8838530026201469,7.0
2025-10-11,-0.25160235688793586,1.0,-0.5173071228680388,1.0,1.0
2025-10-12,0.14848484848484847,1.0,0.4993939393939394,1.0,1.0
2025-10-13,-0.035225138567075986,1.1602580455197418,0.07292132369916485,0.40525030977439147,5.0
2025-10-14,-0.250189863105088,0.6879488683912979,0.20977956031890843,0.7483977984826722,9.0
2025-10-15,0.3535533905932738,0.5,0.43688672392660716,0.38214886980224216,2.0
2025-10-16,0.09454006413110626,0.8088755715543822,0.049339448039327265,0.7300223839165896,9.0
2025-10-17,-0.17823856358090176,1.1120415577470604,0.3905474636578874,0.5576846056852861,6.0
2025-10-19,-0.013642220233178515,0.9680064248225116,-0.4987839135018135,1.3138868056497495,6.0
2025-10-20,0.07745842107002039,0.37921485482808515,-0.6326890685357414,1.3478360422436333,4.0
2025-10-21,0.46090371331708296,0.9140847732316848,0.59728554807138,1.2484232316144201,5.0
2025-10-22,0.1207634659160765,0.8976728439160147,-0.41299102932740234,0.6529790518500478,8.0
2025-10-23,0.4733529316826879,0.848938919751198,0.4602939579660799,0.6399303425820502,6.0
2025-10-24,-0.2725306508426362,0.5047313256949225,0.17622410184982637,0.9784976193350419,12.0
2025-10-25,1.9352694670280437,1.0,1.288388304813947,1.0,1.0
2025-10-26,-0.8314148682690766,0.955365345007383,-0.4004510509510908,0.7533833688364242,3.0
2025-10-27,0.1928252995274592,0.5217805646110341,-0.20716344642289963,0.7672875637713721,8.0
2025-10-28,0.07660957942189586,0.45660901283643307,-0.01971344906393816,0.6919841401848428,13.0
2025-10-29,0.04542550815923044,0.8555353291272259,0.1709057131767654,0.9256303767593808,11.0
2025-10-30,0.13958335439725753,1.050838955447902,-0.11561258065287552,0.9163089410406271,10.0
2025-10-31,0.4249155134176624,1.0603908301510319,0.17583241639614547,0.9561838894031747,16.0
2025-11-01,0.36238600108071584,1.0900623636504232,0.22703771029717149,0.24144804477048779,8.0
2025-11-02,0.11371783895736368,0.9533653693595611,-0.24923805319166495,0.7364165584479707,14.0
2025-11-03,-0.020588795089843404,0.6015007090333774,-0.04881976472379205,0.852116648853738,19.0
2025-11-04,0.09077925927538764,1.0250102096866498,-0.5278365522423765,0.7913778959038726,6.0
2025-11-05,0.25892716734098437,0.9053215000421617,0.2901812909403254,0.7893662333698235,17.0
2025-11-06,-0.15043728527232347,0.6611401569272325,-0.19540764553362328,1.0617926198865206,7.0
2025-11-07,0.225355698265316,0.8719915438058278,0.5335207197765255,0.48512073181917187,7.0
2025-11-08,-0.06940113786705111,0.9200385900109821,0.2809715535241519,0.8671680226073823,38.0
2025-11-09,0.18057726534226326,0.4695155269178441,0.5536519466233397,0.6526490937668676,9.0
2025-11-10,0.015247210124317524,0.5840668005191106,0.01816694340969288,0.7884757703828951,37.0
2025-11-11,0.11750392383788526,0.7324775264363427,0.2869839990415858,0.7392760864611815,10.0
2025-11-12,0.19368742330968156,0.8719632378260466,-0.0663395416093229,0.9603881326844158,37.0
2025-11-13,-0.3178391048789879,0.5505076272276103,0.4517676763075595,0.361104025124071,2.0
2025-11-14,-1.2370222593257663,0.794679468369924,-0.9404719108086108,0.5456092535286942,3.0
2025-11-15,0.0,1.0,0.06666666666666667,1.0,1.0
2025-11-16,-0.8914297274505997,1.4540866650753002,0.834237157029035,0.8129443196608844,7.0
2025-11-17,0.06875743093486088,1.0421394901983816,0.044921517478189364,1.1069092075713487,10.0
2025-11-18,-1.2971516436130215,2.015939962598151,1.6007362164136016,0.6538505657142608,2.0
2025-11-19,0.46815527483809544,1.1430412505092604,0.22848430114790252,0.826661055319407,5.0
2025-11-20,-0.7336508489238942,0.037538980594706194,0.32185380123908613,0.5448299891863497,2.0
2025-11-21,0.6871596786836535,0.9820779734590953,-0.3030976564582347,1.6068870715723003,4.0
2025-11-22,-0.3896218845389785,1.456023556056296,-0.49347307927475115,0.37266375988327977,4.0
2025-11-23,-0.809780773341011,0.22960078237836962,0.8040234883719353,0.7033833012537981,4.0
2025-11-24,-0.2180427440982517,0.6916409941192064,-0.4983189970813998,0.29527051593932585,2.0
2025-11-25,-0.3929103066774006,0.4085000492468901,-0.0028209865878964235,0.8099046729703633,3.0
2025-11-26,-0.9670360504139468,0.5205513398438087,-0.6537111425407468,1.5223849036199941,2.0
2025-11-27,-0.7712831269409892,1.248346172416546,0.06983085575550589,1.342716869560331,8.0
2025-11-28,0.09870135711395917,1.3969762090621223,0.017280735041005857,0.44333617025066396,4.0
2025-11-29,0.37968280515306024,1.0858200947698704,0.20689810462789154,0.8953582248149267,9.0
2025-11-30,-0.4025299417925233,2.1798763132835055,1.6004790469906562,0.6647915578832821,2.0
2025-12-01,-0.9652534719103698,1.3108132862952446,0.10181754515677226,0.691459239626393,5.0
2025-12-02,-0.573266672375368,1.0,-0.41617037380093935,1.0,1.0
2025-12-03,-0.13484591584390174,0.566988977322628,-0.09668179744374328,1.3223711510743927,3.0
2025-12-04,0.9560836480757382,0.5394253507076474,-0.38154810119244603,0.5193381347055994,2.0
2025-12-05,-0.6732921101167072,1.0,0.9606072703970711,1.0,1.0
2025-12-07,0.4875216845997321,0.2475013399926852,-0.14913889431879276,1.0888265186703376,3.0
2025-12-08,-0.24430692675559013,0.8325162368178493,-0.48741770517764915,0.588963315507717,8.0
2025-12-09,0.6465355887687159,0.33726275767862696,-0.09644504858681122,0.6916826810584689,7.0
2025-12-10,-0.03535367456257186,0.5508474548289795,-0.4677656240373529,1.0070009440737724,5.0
2025-12-11,-0.27494012117885325,0.8042105923828387,0.2714587469276241,0.6642523999831589,6.0
2025-12-12,-0.5382195607022713,0.9018093041232642,0.13948291578585512,1.5160077243554773,5.0
2025-12-13,-0.1967974167611328,0.9285026148881159,-0.2766399298323924,0.9216069191711723,5.0
2025-12-14,-0.12976339184363989,0.5788692320835376,0.24657377679925596,0.3808586176409807,4.0
2025-12-15,-0.39631118755855405,0.9162305616325016,-0.9760085018301188,0.6567035958103882,7.0
2025-12-16,0.2050159148682763,0.8243693766484469,0.03425132152487519,0.7263060070769795,6.0
2025-12-17,0.07226732464683702,0.8275797704722087,-0.02553028278813155,0.8954122138948765,7.0
2025-12-18,0.36839591327929416,1.189739187324717,-0.28635491327851303,0.7152608792758859,12.0
2025-12-19,0.17142857142857146,1.0,0.6142857142857142,1.0,1.0
2025-12-20,-2.3014065798357466,1.0,0.1802261410569458,1.0,1.0
2025-12-21,0.0006559500901167146,1.0,-0.5175641787112127,1.0,1.0
2025-12-22,-0.19363648899570815,0.23000836843489258,0.5531655356720023,0.5431218690346727,3.0
2025-12-23,-0.5180014139421348,1.0,0.6311835762362886,1.0,1.0
2025-12-24,0.2291974367872162,1.176197952329695,-0.02283221678718393,0.7587127029106067,4.0
2025-12-25,-0.09369817021128402,0.6503266401591412,0.04207543280117781,1.1772711020737228,3.0
2025-12-26,-0.15075383227659325,1.251062920565011,0.564723636154151,0.7178472660450754,7.0
2025-12-27,-0.02666666666666666,1.0,0.3125,1.0,1.0
2025-12-28,-0.8110434322836416,1.0,0.0826875011679098,1.0,1.0
2025-12-29,0.08071552880248424,0.596900635294015,-0.41079236502120337,0.9422050840198154,6.0
2025-12-30,-0.3475957158771114,0.8892089450756414,-0.38539359606595064,0.823939792919261,10.0
2025-12-31,0.7281974323012679,0.881619960506112,0.8466007878268564,0.6415883809462107,2.0
2026-01-01,1.17219960915428,0.593604655105253,0.13302640307260663,0.7462382178318369,3.0
2026-01-02,0.3935065404034315,0.7635494817020538,0.3901231541131402,0.9588340205998834,6.0
2026-01-04,0.11666666666666665,1.0,0.6166666666666667,1.0,1.0
2026-01-05,0.02521028640855794,1.0,-0.08751169680314237,1.0,1.0
2026-01-06,0.8239426925773832,1.0,0.2135584354250344,1.0,1.0
2026-01-07,-0.5581483163748169,0.4348346296891307,-0.7956555664134066,0.7848816779991796,5.0
2026-01-08,-0.13203291115875662,0.5535376247106738,-0.4973219183147536,0.647359626841408,4.0
2026-01-09,0.0423650548811727,0.6072768221411529,-0.20898583494470438,0.5240437335824238,3.0
2026-01-11,0.08297151583201456,0.9557201669625053,0.16490745771916762,0.8773255009372479,3.0
2026-01-12,0.25671111920634054,0.194725728999824,0.054772113262183654,0.8451250371092806,5.0
2026-01-14,0.8173233089976089,1.3479236876365215,0.08973688332550575,1.2733126651163478,5.0
2026-01-15,-0.611276449890784,0.49903958235080864,-0.7371823416278447,0.7862351194174318,2.0
2026-01-16,-0.1040536958974642,0.6685457695317075,-0.7885368101268987,0.872246180143378,12.0
2026-01-17,0.24965829759574207,0.9572321647060772,-0.572981561827217,0.9773830712903,3.0
2026-01-18,-0.5268971651925275,0.5886124201749442,0.3023716967783423,1.0110477399643687,2.0
2026-01-19,0.07275317418473974,0.646272346161823,-0.4575957958054172,1.4071570617616993,4.0
2026-01-20,0.2832683114704962,0.4732026753355554,-0.5526629940241531,0.7251951321089717,5.0
2026-01-21,0.02006425916162753,0.8649046882971582,-0.14390637754776953,1.1337306393527535,5.0
2026-01-22,-0.0754498829961267,0.184702268199635,0.865483573638695,0.5257531491304751,3.0
2026-01-23,0.5489889833877823,1.1231051563748038,-0.08440152158728402,1.071723925231908,6.0
2026-01-25,0.39720106153577867,0.3003425224273828,-0.6843511464580901,0.673358389213915,3.0
2026-01-26,-0.3598986587385183,0.9991271284994828,-0.22932312238329083,1.0153480423634118,2.0
2026-01-27,0.4030547286109154,1.2114151435778382,0.3360445296240737,1.0811033786575983,6.0
2026-01-28,-0.5773868793518189,0.7330405378082394,0.6919721198015648,1.1101631057919965,10.0
2026-01-29,-0.15622527368796404,0.5743670391853843,-0.2620087371994156,0.9999496975279721,7.0
2026-01-30,-0.9455266086798241,0.9214733688192264,0.29248856727725614,1.062496570839122,2.0
2026-01-31,0.7877001165774549,1.3468941219311727,-0.027564923157611127,0.5944421066508317,3.0
2026-02-01,-0.6540774259642493,0.4122686610925538,-0.0716349722603442,0.638465186767467,3.0
2026-02-02,0.6702316640208297,0.352211602322158,0.332539650363767,1.3097762041513035,4.0
2026-02-03,0.49869335330739173,1.0763334101848068,0.6171969341148983,0.9441923459921208,7.0
2026-02-04,0.9943903899008072,1.1666588741856745,-0.32051888595040434,0.8935443398386916,8.0
2026-02-05,0.2483074204665958,0.22373876589961098,0.6407481463590499,0.20485575689777355,3.0
2026-02-06,-0.5660177901139193,1.3959292077880998,-0.49489443749181794,0.973260533199361,5.0
2026-02-07,0.22340925369999173,0.5385292708208118,0.22948495615227338,0.4882027319222574,3.0
2026-02-08,0.0784475127398963,0.6804059672742255,0.746692314963075,0.3626926043989021,3.0
2026-02-09,0.14736511271049624,0.8131852794065596,-0.056849598614223985,1.1008949745086587,10.0
2026-02-10,0.37064967793651044,0.8375465860827933,-0.14885657975014657,0.8194558531453713,17.0
2026-02-11,-0.18479994693495772,0.28889362919422756,0.17411342355772472,0.5069930264421678,8.0
2026-02-12,0.35004946681372023,0.8352806820873593,0.01908001789977289,0.8845116030387187,7.0
2026-02-13,-0.6202804985786754,0.7211170443626475,0.8001169178207579,1.3721807352921533,4.0
2026-02-14,-1.0509302548615336,0.5157401388153818,-1.279565108639339,1.2822779635499986,4.0
2026-02-15,-0.6914506300712726,0.0053201846088185645,1.612926565319177,0.1360486442023678,2.0
2026-02-16,-0.11137705809302378,0.8496156946701452,0.3231307204389895,0.16531793065955408,4.0
2026-02-17,-0.4224008383435942,1.0909767380220217,0.4016135294043859,1.0887378414597053,12.0
2026-02-18,0.05516650433877154,0.07623600287399811,-0.6538775104007086,1.1587174408182987,3.0
2026-02-19,-0.1495641339588494,0.32836731894527244,-0.010984956357608266,0.6058646474966791,6.0
2026-02-20,-0.026975958808406364,0.38288543805133785,-0.047936524076462504,0.12817302580210066,2.0
2026-02-21,-0.0500533186637544,0.39092163883785996,-0.28406012450313645,0.7924953715223233,7.0
2026-02-22,0.41916718585677937,0.44013658512673115,-0.12960509026196482,0.752696662577629,6.0
2026-02-23,-0.3984808979524985,2.471723808055906,0.3187220917671452,1.9225293739490894,4.0
2026-02-24,0.32184128223978387,0.6483354940598346,-0.1959091385299178,1.3993882137295843,3.0
2026-02-25,0.6508992740263506,1.0979230906612867,0.4004650755005866,0.7884154163226087,5.0
2026-02-26,-0.7328358790567931,1.0,-0.5704862860422926,1.0,1.0
2026-02-27,-0.05257981570229617,0.9791754182646515,0.19907087080626484,0.9354971221444895,4.0
2026-03-01,-1.2969501600125013,1.0,-0.31492344132476124,1.0,1.0
2026-03-02,0.182047019506509,1.0093687804681397,-0.3815854326894832,1.048566967189872,6.0
2026-03-03,-0.014524166622438241,0.5716906695669565,-0.2905546189619983,0.9178953906331307,7.0
2026-03-04,0.22112876646467208,0.807480477262818,0.5619869910194191,0.967070613498351,8.0
2026-03-05,0.0004433797907942891,0.4824799601439391,-0.27669743832451266,0.6475752304429023,5.0
2026-03-06,-0.12970819067394565,0.48760695366624496,0.5500869506610743,0.7094480797862103,6.0
2026-03-07,0.38372436817079725,0.6212765164962621,-0.09385518830954694,0.19002967859499692,2.0
2026-03-08,0.2977013754460868,1.0,0.4107479925776161,1.0,1.0
2026-03-09,-0.8736086412424565,1.0,1.166574869300582,1.0,1.0
2026-03-10,0.06290319163891059,1.001455978820304,-0.289430924610442,1.1928552132006094,4.0
2026-03-11,-0.05939119322089651,0.06595738615003338,1.1846214343993189,1.2149861502818802,4.0
2026-03-12,0.12065085684085981,0.4798587399641201,0.6440220911274219,0.8010766208509266,9.0
2026-03-13,-0.009118829750911994,0.47718227031877436,-0.17823781830163438,0.83602069321952,14.0
2026-03-14,0.7258313125394786,1.0,-0.018153344745498318,1.0,1.0
2026-03-15,0.053000022711990724,0.5575609299642665,-0.6173770910858765,0.3746566661020808,2.0
2026-03-16,0.3124207901936361,0.34647828745616327,0.26766933769381435,1.2203213186633806,2.0
2026-03-17,-0.5059819456877052,1.0,-2.046232549750059,1.0,1.0
2026-03-18,-0.02401991526521587,1.0,-1.327467987316582,1.0,1.0
2026-03-19,-0.21700514678643204,0.791212158748157,0.584519517385125,0.6113543157352447,4.0
2026-03-20,0.0649282002690364,0.7043983441001025,0.04816521409307642,0.9660184765629357,9.0
2026-03-21,-0.11693242943543822,0.7600870734363139,0.24356374039665207,0.4758528431744384,4.0
2026-03-22,0.90100539863778,1.0,-0.06374947187652195,1.0,1.0
2026-03-23,-0.6807731748660206,0.6704457802695855,0.28272727868661623,0.9618788536075445,3.0
2026-03-24,-0.08180970942008214,1.2378629074637142,-0.41023433290673644,0.5014287606139382,4.0
2026-03-25,-0.297244722381674,0.5746453609039629,0.09738898471609435,0.44724133233398794,2.0
2026-03-26,-0.06804159772269575,1.4035486514202071,-0.34055025684849516,0.5127976678875171,2.0
2026-03-27,0.05117103474566292,1.0,1.7279231363956138,1.0,1.0
2026-03-28,-0.3228787414081527,0.059500530019955575,-0.5352638027932645,0.25775336637382396,2.0
2026-03-29,-0.37682766918625,0.6329895575806376,0.12909213946965056,0.8815763384337397,5.0
2026-03-30,-0.23538576979017728,1.0,-0.2744062740995764,1.0,1.0
2026-03-31,0.8788812113080101,0.1907374368590543,0.9451401654042986,0.1672020645942906,3.0
2026-04-01,0.6662493677525387,1.408643290296608,0.8457882402168679,0.43362573965082457,3.0
2026-04-02,0.319061246270774,0.38394757538203383,0.3114157838671522,0.15482101907896184,4.0
2026-04-03,0.226084842833697,0.3752558968075031,-0.4282747502200772,0.47935846379393077,4.0
2026-04-04,-0.3323567301193689,0.4347205933026726,0.38094830187126316,1.4308086179596016,4.0
2026-04-05,0.3462536409825833,0.7661130453722623,-0.38890718440411776,0.31127731070001835,4.0
2026-04-06,0.2815258135291154,0.8527755423006177,-0.026136123158044578,0.9224975959419771,11.0
2026-04-07,0.37514615052409567,0.8588132349854631,0.8206142449018736,0.6976798461239143,2.0
2026-04-08,-0.13988042848909912,0.4376556997139707,-0.6631726590359931,0.9415949008861102,6.0
2026-04-09,0.24779276323867888,0.9510718432909822,-0.05904753558374558,0.3972201803948802,4.0
2026-04-10,0.2472187927095882,1.349620169523402,0.48824382826878215,0.30951895631732756,2.0
2026-04-11,-0.4753861132779874,1.0,-1.2169546794507706,1.0,1.0
2026-04-12,-0.025630959002614317,0.9719993523515793,0.1366759868893363,0.5965042898872457,10.0
2026-04-13,-0.009269794078739216,0.6807412127204568,-0.15619083708118728,1.0366536756933062,9.0
2026-04-14,-0.4884708123637513,0.5171288452643606,0.011690225941087965,1.015885518946149,6.0
2026-04-15,0.20925318688879113,0.8055580581828303,0.3517195967425334,0.9322131494932492,8.0
2026-04-16,-1.4988923724679588,1.0,0.5940492455398634,1.0,1.0
2026-04-17,0.26190391152643505,0.6178566353342151,-0.2794700477251689,0.7876555640272408,10.0
2026-04-18,-0.7460320148699192,1.5704737659710692,0.3907390284519009,0.6843181766616167,5.0
2026-04-19,-0.8895529562584922,0.7378484525901057,-0.030034666656056114,0.48375078614250494,3.0
2026-04-20,-0.4655683830186073,0.22360119845170265,-0.015464143604572517,1.5314243619555596,4.0
2026-04-21,-0.517616622628332,1.3276650248566189,0.1910495028540525,1.3669913278544694,6.0
2026-04-22,-0.6015044507337713,0.519122566886068,0.5410983452817795,0.9152523284514767,7.0
2026-04-23,0.10158195466716093,1.2073653961872794,0.056097251088054065,0.9521607160229207,7.0
2026-04-24,-0.10612226671101212,0.9192870771126561,0.06786275744448846,1.234079517547991,7.0
2026-04-25,0.1515021099242182,0.6834661621505113,0.10263671342430503,1.0809214673425165,6.0
2026-04-26,0.9729029119154187,1.6936287313529121,1.0354988709383546,0.4872384094248654,2.0
2026-04-27,0.24848910009023953,0.4097085912185817,-0.3143510237181686,1.072588194756743,8.0
2026-04-28,-0.08874450695639693,0.42985531512575514,-0.383676104556454,0.962893728849245,5.0
2026-04-29,0.034536770080787114,0.7316196599699668,0.19800164568602166,1.223862399137851,3.0
2026-04-30,0.1941312154004439,0.6493442025170107,-0.13821202645759093,0.720965711485737,6.0
2026-05-01,0.5224680639363966,0.9430305039853575,-0.5780836312860526,0.4525364283668771,5.0
2026-05-02,0.3855012709088121,0.2814632407632499,0.08069126671229694,0.6926028975457756,3.0
2026-05-03,-0.5564161860671909,1.3520256549074336,0.3396804495890313,0.6337853447104108,2.0
2026-05-04,0.03636595562331468,1.4851667025937674,-0.22843773035782822,0.40019944656545775,4.0
2026-05-05,1.6171270219709113,0.29958000731546286,1.30075126587644,0.6550037916226504,2.0
2026-05-06,0.1539301096350624,0.8871236847373463,0.2959151187001014,0.8977291453470446,12.0
2026-05-07,0.24601467016911677,1.0597944904192693,0.14750542097238517,0.6418443262772157,10.0
2026-05-08,0.6840551601884144,0.020835442237584965,0.47766785509682325,0.4056537380450868,3.0
2026-05-09,1.9389857208714256,1.0,1.0839157649202906,1.0,1.0
2026-05-10,0.1600413620060609,1.3711645516645714,-0.7185309862652478,0.005885936539014561,2.0
2026-05-11,-0.34589871546705786,0.7689059180337944,-0.06396061376301318,0.7535251772279421,4.0
2026-05-12,-1.2429415345560204,1.0095897973271728,1.181638699667853,0.5567092909538307,4.0
2026-05-14,-0.4382341775844394,1.0022667605869569,0.39539819744586724,0.6706842150168413,4.0
2026-05-15,0.12178286987801835,1.4751367949128953,0.32275704993779347,0.2753944779576956,4.0
2026-05-16,0.4225719998821716,0.4662872225207016,-0.07778600423581136,0.7363005997754661,2.0
2026-05-17,-0.5272444250507409,2.285680605443504,1.3458824970934584,0.138405384633523,2.0
2026-05-18,-0.5656769484477218,0.3552729349738847,-1.4223025821167288,0.16334481560098343,2.0
2026-05-19,0.13892928239977748,0.10174316633109957,-0.3040377913114609,0.597167427484197,5.0
2026-05-20,0.03022799433978382,1.3015997442434055,0.0573987409829807,0.8377114493361104,6.0
2026-05-21,0.568623897885935,1.0,1.8874277668540191,1.0,1.0
2026-05-22,-0.27797974273941195,0.6367973314314128,0.20592579263804878,1.0916673613186079,4.0
2026-05-23,-0.09386897082421666,1.0,-0.03840814202994567,1.0,1.0
2026-05-24,-0.31833684649465854,0.4187693176630927,0.6276824227615704,0.6048342826579965,2.0
2026-05-25,0.7037572129470826,1.056270586978813,0.42058272482324294,1.3402350091082187,4.0
2026-05-26,-0.0301361058061345,0.4015490429318634,0.1382458709036599,0.6162715937959157,3.0
2026-05-27,-0.016491132132119335,0.37485506110543104,-0.12836697374627473,0.8260270341095558,3.0
2026-05-28,-0.20850753958502763,1.4059996842380758,0.3052820037687032,0.5457513035805706,5.0
2026-05-29,-0.16553625903818112,1.0556468558016614,-0.5850097690542425,0.9295733141076442,6.0
2026-05-30,-0.5925212140301456,0.23712642431420872,-1.0159090776711588,1.3470524174077954,2.0
2026-05-31,-0.01589164863693056,1.0881367150985632,0.28550977497926966,0.4910392969130219,3.0
2026-06-01,0.10353132272384932,0.9199811734757125,-0.08557919023853815,0.8097518042983936,7.0
2026-06-02,-0.0336192066257032,0.8250272132882877,0.4474081645835744,0.7752331996004487,6.0
2026-06-03,-0.8256922245817089,0.4351405174240573,-1.0780387840412093,1.3126939716736228,2.0
2026-06-04,-0.35069363902491585,1.6546475151084994,0.6123672564807471,0.6550626797776042,2.0
2026-06-05,0.20394527401386534,0.6678634811309859,-0.19162376938834447,0.8307963628299633,7.0
2026-06-06,-0.8222908007342404,0.8553307789890804,0.27900379967520916,1.356016942576786,4.0
2026-06-07,0.08464977425047775,1.3067031752359064,0.06508251491522365,0.6863669721464482,6.0
2026-06-09,0.857547351719926,0.9205525803632599,0.09269854558230166,1.2628941411770414,3.0
2026-06-10,0.28586994443422126,0.9757171959414659,-0.008464874834389088,1.4046800653481382,6.0
2026-06-11,-0.599192060249968,0.7072208124291169,0.6188571091885556,0.5472539517083084,3.0
2026-06-12,0.4685394595234884,0.6222087563829887,1.377375382729081,1.2640296740724524,2.0
2026-06-14,-0.2766048286298875,0.6179047125996051,-0.32907093908652196,0.9076877577894772,6.0
2026-06-15,0.454103045177013,0.6571928894243385,0.24312848798775977,0.48126233117335243,6.0
2026-06-16,0.7672431647402748,0.5513320179326394,0.546558430296075,0.41024788810819784,3.0
2026-06-17,-0.01919815301252592,1.164894337652782,-0.018857462623732432,0.5887527971254458,4.0
2026-06-18,0.49906497944364786,0.8006347600585214,-0.34987829132878634,0.7061519842805484,4.0
2026-06-19,-0.39345625444402493,0.28035216366306637,-0.5422670619772028,0.9148103952186545,3.0
2026-06-21,-0.25426265389663005,0.7279918070741275,0.18677181202904397,0.680585846403757,4.0
2026-06-22,0.12533300820825422,1.3115129328206512,0.9724770207612256,0.4606623782207748,3.0
2026-06-23,-0.7028566566391913,0.48065115637166794,-0.7524129900575157,0.34574697621112466,3.0
2026-06-24,-0.07909605937630185,0.5380841052772903,-0.30950595833957767,0.82710664818785,5.0
2026-06-25,-0.3348001455832481,0.16651800567976835,0.05357401420044531,0.5576052783195791,3.0
2026-06-26,-0.21914222544164608,1.1551810982164175,-0.19410732239619366,0.7486965087667187,9.0
2026-06-27,-0.682881364106581,0.35386374294521195,-0.5006519798312163,1.3670530349858703,4.0
2026-06-28,0.10032096501903898,1.0412404254350343,-0.237415000608251,0.16333491795264193,2.0
2026-06-29,0.6273394768432823,0.36102644599520495,0.7530496899224466,0.42310557427639756,2.0
2026-06-30,-0.8272413621704761,0.8993320305158222,-0.17694012005234264,0.7117261712135103,5.0
2026-07-01,0.09462212879575871,0.8111827491361291,0.2686217545600349,0.7884822200028228,4.0
2026-07-02,0.4585906631912593,0.6551697101841369,0.3587432047308983,0.33396780659743264,9.0
2026-07-03,-0.16730192081416262,1.0622074126144843,-0.08932040937314467,0.7095133016774653,7.0
2026-07-04,0.398866990755043,0.8210429439265867,-0.12875320057816095,0.584260076069127,5.0
2026-07-05,-0.31783094515968235,1.149073697102126,0.03008056253083762,1.0156759366748636,5.0
2026-07-06,-0.25102473320224294,0.9068313702479163,-0.26339473353980936,0.812814712513914,10.0
2026-07-07,0.13121105201426778,1.1878848820434371,0.2996717315417437,0.8585047522829953,10.0
2026-07-08,0.4813325022701715,0.6796108869514035,0.5044733195482441,0.8136447576492601,6.0
2026-07-09,0.26162186402571685,0.6600142984175406,0.2100603296034905,1.2366151558325826,9.0
2026-07-10,-0.15556532946346416,1.0295438243223682,-0.48638715813637773,0.8151390853109569,8.0
2026-07-11,-0.557889045992469,0.49479164139887605,-0.5858440150779066,0.4788995349906623,4.0
2026-07-13,0.12967053619715924,0.6177845767022865,-0.19093201071977153,1.2114875267996963,6.0
2026-07-14,0.27337048289565247,0.8400193905835583,0.3391842841682055,0.5175542104270195,7.0
2026-07-15,0.0791983811789134,0.8276168333115915,0.0439328348385623,0.7769946836480078,7.0
2026-07-16,-0.07865434092026262,0.9497590494634417,0.5700488245801251,0.389927249611137,9.0
2026-07-17,-0.3448594120055045,0.5159434401965248,-0.9526513963359434,1.3349912542369466,5.0
2026-07-18,0.2793566500993349,0.6911702899572751,0.1322892666628302,0.831234200109123,9.0
2026-07-19,0.14406825242536184,1.468687942876245,0.4916482473562276,1.582524282712033,5.0
2026-07-20,0.5031083029648223,0.8185241070164969,0.4066621592162811,0.9929642643175909,8.0
2026-07-21,-0.5400952937191538,1.220357039187226,0.1825725446925403,1.573516607239832,7.0
2026-07-22,0.3361266794598264,0.3619404814362777,-0.44458575885412216,0.637948579622645,6.0
2026-07-23,-0.12432759732480324,1.0795592977472754,-0.04432184043475462,0.7449795457258279,13.0
2026-07-24,0.13319529041786632,1.0838742421120844,0.10206659490602858,1.1667472413882691,7.0
2026-07-25,0.21368787606217807,0.5500026369022472,-0.21653288635400045,0.9683033704734979,3.0
2026-07-26,-0.17048980866413288,0.09968764342190121,0.5113315364049442,0.35442631489138726,2.0
2026-07-27,-0.18175459389893422,1.2097315294688549,0.515990654478886,0.7984568382540941,11.0
2026-07-28,0.1541543454244349,0.84821591995914,-0.3123072871231167,1.0106818628098635,14.0
2026-07-29,-0.12037411312031461,1.029168382515005,0.4634026427726962,0.7047336607905165,7.0
2026-07-30,0.8832973997379131,1.1109076766259323,0.4228248036475365,1.0672605852906731,10.0
2026-07-31,-0.1826018171716332,0.8669931326315937,0.10926331504424187,0.6423273241746176,15.0
2026-08-01,-0.6272897333196221,0.7947642592783064,-0.23543082947633026,0.9803185116441536,7.0
2026-08-02,0.14750080684568842,1.1115164006536167,0.019147892759960396,0.995806129474741,11.0
2026-08-03,-0.2981614772366474,0.8782312887747854,-0.04717512656858031,0.8525510595320984,11.0
2026-08-04,0.36501501821502896,0.3472926951952401,0.06552596912530775,0.7515339106601312,4.0
2026-08-05,0.3924604660666383,0.6645804161683389,0.06577532241873832,0.8200149535773738,5.0
2026-08-06,0.3296084637046798,0.8307864217245807,0.748933824640488,0.8433459000773363,8.0
2026-08-07,-0.16413588808227528,0.8896945843454827,0.3049346145408481,0.27116791862735945,3.0
2026-08-08,1.588027211002429,1.2458096192171557,0.47378737668584314,1.6700365337902896,2.0
2026-08-09,-0.3870941499872123,1.0,0.02318628998495936,1.0,1.0
2026-08-10,0.10804155458105791,0.574134802814355,-0.12307794312254214,0.6632169840059966,17.0
2026-08-11,0.044685264759146706,0.8614721164550877,0.009735796202144131,1.0979339891614022,10.0
2026-08-12,-0.05890915087302201,0.9712412495003675,0.523634501182996,0.9111255068130845,16.0
2026-08-13,0.36703679317782256,0.8393481513429433,-0.15923714604363812,0.8729661410205827,18.0
2026-08-14,0.328823703925183,1.1124745493862316,0.005418132419646016,1.0821801842509071,5.0
2026-08-15,0.4885454440503674,0.1949011090505063,0.08780556125861105,0.34465494572329985,3.0
2026-08-16,0.05686087890659311,0.09272817410157454,-0.5344160891180783,0.4836374968152569,2.0
2026-08-17,0.2740383463819611,1.2296200551238787,0.4468011630833699,1.0479054374936148,13.0
2026-08-18,-0.026239930387959666,1.145815529213036,-0.08439740512902828,0.7623109181610191,11.0
2026-08-19,-0.312775285591722,1.216974662689201,0.1571150824364908,0.9737491474171557,5.0
2026-08-20,0.1751027059714385,0.6123770002429719,0.0829705080305545,0.807776373710165,11.0
2026-08-21,-0.2695966042381688,1.3371167669637656,0.08045799818525708,0.362794791311133,5.0
2026-08-22,-0.06303912410170237,0.6899204871017199,0.1434724924559663,0.9913226821145069,13.0
2026-08-23,0.3665190638796849,0.7203335337537232,0.050636942730674685,1.5960392938190544,6.0
2026-08-24,0.07158907133709251,1.6203445067281383,-0.19444579994491437,1.6992910657307752,3.0
2026-08-25,0.5433050564940965,0.7683493793998319,-0.19163274695318383,0.271009629736004,2.0
2026-08-26,0.31129260588652075,0.516279308901147,0.5865186413709337,0.6182846337381114,2.0
2026-08-31,-0.35673170213055594,0.37625464636738754,-0.09937547682982598,0.9701428484296877,5.0
2026-09-01,-0.23713550978632209,1.1207004002045724,0.40426128683829204,0.7131453424764698,5.0
2026-09-02,-1.0288126751866162,1.5004470097743006,-1.108428918557802,1.2982755187811992,3.0
2026-09-03,-0.1000060739603718,0.8543514582989371,0.19822849646908272,1.0228942096357212,6.0
2026-09-04,-0.2982853219070948,0.8954340685493625,-0.637426273796336,0.932604560252925,9.0
2026-09-05,-0.21557125131499943,0.38398500109728223,-0.06879952955026163,0.5091998026039211,5.0
2026-09-06,-0.8565215898139491,0.8943647991584543,-1.5047896756204606,0.17760242748433883,2.0
2026-09-07,0.26745182116988997,0.5615683154326561,0.0749012855450584,0.3619319835170905,4.0
2026-09-08,-1.0826333285955454,1.0812844695820618,0.8426514433456991,0.9446343225577897,5.0
2026-09-09,0.4891805780361342,1.0,0.501814371453423,1.0,1.0
2026-09-10,-0.7992350120664405,1.0,0.22003099656938555,1.0,1.0
