domain,sentiment_mean,sentiment_std,subjectivity_mean,subjectivity_std,counting
www.globenewswire.com,0.09570727567886657,0.11884195200329856,0.3310279198915563,0.21313117918784133,24.0
journals.plos.org,0.09132520141895141,0.17127380053315056,0.431843890291807,0.24807673998036442,24.0
www.yahoo.com,0.04347304059109615,0.09375953940247128,0.41357555620452446,0.17529829686968704,21.0
economictimes.indiatimes.com,0.08227362473127779,0.06760671644477736,0.38262531772208647,0.1378503709557524,21.0
www.cbc.ca,0.11579997974734817,0.19580006057205832,0.320981240981241,0.1640473210168366,19.0
www.lifesciencesworld.com,0.14273527398527397,0.23265928067197747,0.5062030453206924,0.1545251778932531,17.0
www.thehindubusinessline.com,0.1343220268694599,0.11660656800526181,0.4512608225108225,0.1246246905802156,16.0
www.abc.net.au,-0.02933348865640533,0.18636484287892108,0.4324265472182139,0.1593319054790406,16.0
freerepublic.com,-0.020799589299589295,0.2259293590375172,0.4626055611055611,0.18742960915635368,15.0
www.nature.com,0.06683631183631183,0.14592747631641131,0.42918609168609173,0.19020061243712377,13.0
www.yankodesign.com,0.13267338564213565,0.18814901184413726,0.44036325942575943,0.1751285808728262,12.0
theconversation.com,-0.005799062049062048,0.16506426129067966,0.3175662878787879,0.14894527953341294,12.0
www.aljazeera.com,-0.04893939393939394,0.09862987444195326,0.32376262626262625,0.1819046760455262,11.0
www.bbc.com,-0.0028732829219842186,0.2984484710100533,0.4771852570229193,0.22831971893053904,11.0
financialpost.com,0.023379247015610657,0.16738128774589306,0.2461065197428834,0.22722625501813634,11.0
phys.org,0.06045454545454546,0.14471201546960505,0.35161400355596784,0.2054626413951284,10.0
www.forbes.com,0.16781074635241303,0.23238974042914404,0.4641582491582492,0.180118679717103,9.0
www.nakedcapitalism.com,0.04555618686868687,0.22210586961898546,0.3938030303030303,0.1416350658347255,8.0
wattsupwiththat.com,0.03288507846320347,0.11174729119434973,0.45683612914862914,0.1313314268072732,8.0
indianexpress.com,0.040255681818181815,0.20455504602131194,0.4089158411033411,0.2859335117692146,8.0
finance.yahoo.com,0.14088541666666665,0.13468408758060707,0.31927083333333334,0.21720329036466757,8.0
abcnews.go.com,0.02890312812187812,0.17031662801823133,0.518490623959374,0.13884595345528714,8.0
timesofindia.indiatimes.com,-0.03766354016354017,0.08126381436847578,0.36479437229437234,0.18001521442184706,7.0
www.cnet.com,0.17216896859754002,0.17183037640157334,0.4854548890263176,0.08211573656791912,7.0
en.protothema.gr,0.0370127293341579,0.08458872460365079,0.3728884078884079,0.19115669285541873,7.0
english.khabarhub.com,0.08327922077922077,0.1408996596868608,0.2649234693877551,0.17409607112498987,7.0
pypi.org,-0.06717687074829932,0.10220455259005254,0.3646069538926682,0.16376337352353404,7.0
www.hurriyetdailynews.com,-0.0830498866213152,0.45801276692839266,0.45141723356009067,0.4009671331509964,7.0
gizmodo.com,0.07983972376829519,0.09458091062155094,0.4827576788291074,0.10554698345871186,7.0
ahouseinthehills.com,0.10968975468975471,0.1330971946631517,0.3864195526695527,0.13424259183535042,6.0
www.channelnewsasia.com,-0.027146464646464655,0.11840346025374943,0.29869248035914703,0.29415905832604283,6.0
biztoc.com,-0.059925645342312005,0.3094583748722396,0.45281986531986534,0.19810096121490328,6.0
statetimes.in,0.12723544973544976,0.21482818119204555,0.4516909171075838,0.18461016174020575,6.0
www.sciencedaily.com,0.06377478792251519,0.07003541314736322,0.4565446674537584,0.0881275747032935,6.0
www.naturalnews.com,0.003971590909090919,0.16484965653436584,0.39757467532467533,0.12829350142092236,5.0
www.rte.ie,0.13658080808080808,0.23722408886950183,0.5145656565656566,0.22613578019089023,5.0
nypost.com,-0.10194139194139193,0.21534698965196794,0.5391575091575092,0.15069392084040703,5.0
fortune.com,0.07294444444444444,0.13004296535955404,0.3823888888888889,0.20891987802049564,5.0
www.gov.uk,0.051587301587301584,0.12779040901779856,0.46011904761904765,0.20153446923603277,5.0
www.juancole.com,0.024880952380952386,0.05799281075937984,0.3314285714285714,0.26788174490192623,5.0
www.bostonherald.com,0.09347835497835498,0.23430741774391162,0.5087651515151516,0.03433914901925028,5.0
www.npr.org,0.06444444444444444,0.11365851635924873,0.2975,0.31344623161708973,4.0
www.thestar.com.my,0.08399621212121211,0.1903145240268213,0.3623106060606061,0.12997723983142787,4.0
www.businessinsider.com,0.20136679292929294,0.037471021201961725,0.40099116161616166,0.13387621499346114,4.0
www.livescience.com,-0.02455387205387205,0.06394589844983056,0.4607028619528619,0.06298268081482364,4.0
www.dw.com,0.07332070707070706,0.18577861318798025,0.6167171717171718,0.21134173763920933,4.0
www.digitaljournal.com,-0.16107954545454545,0.19622025620786707,0.3828598484848485,0.18104300636114165,4.0
slashdot.org,-0.07534371492704826,0.01427432252713334,0.4190446127946128,0.04771258714883089,3.0
news.sky.com,-0.0571067821067821,0.24238028004031378,0.29826839826839824,0.054735804741354116,3.0
slickdeals.net,0.24500000000000002,0.13892443989449804,0.7399999999999999,0.15716233645501704,3.0
mypeoplesreview.com,0.125,0.13718398027628606,0.24126984126984127,0.1590156163348342,3.0
www.denverpost.com,0.0698442760942761,0.08188314653108647,0.33300715488215493,0.061514138300199556,3.0
www.rt.com,0.0036111111111111066,0.14852593613138315,0.2538888888888889,0.019460310986818902,3.0
punchng.com,0.16666666666666666,0.14433756729740646,0.4875,0.21028254801575902,3.0
kotaku.com,0.15382325707001035,0.1843285761642605,0.40520856007868994,0.12537456043638517,3.0
www.scientificamerican.com,0.17795815295815295,0.16262992370506293,0.4043049543049542,0.10142874318987248,3.0
foreignpolicy.com,0.005000000000000002,0.004409585518440985,0.28738095238095235,0.06137917910918908,3.0
www.globalsecurity.org,-0.07916666666666666,0.19378359923722474,0.36000000000000004,0.31432467291003424,3.0
www.newyorker.com,0.25,0.3535533905932738,0.55,0.0707106781186547,2.0
www.newscientist.com,0.043560606060606064,0.02678434777221771,0.5159090909090909,0.24855874732618025,2.0
www.kpbs.org,-0.009343434343434348,0.27355747191358354,0.36654040404040406,0.039462272384400796,2.0
theweek.com,-0.06083333333333335,0.20859650045003153,0.31000000000000005,0.1555634918610405,2.0
truthout.org,0.33666666666666667,0.004714045207910288,0.7112499999999999,0.17854446224960324,2.0
www.livemint.com,0.15714285714285714,0.15489005683133897,0.44880952380952377,0.13973776866305573,2.0
www.breitbart.com,-0.35833333333333334,0.27105759945484326,0.5496527777777778,0.34520560220426594,2.0
www.israelnationalnews.com,0.15611111111111112,0.11863680439907631,0.29888888888888887,0.029855619650098707,2.0
www.ign.com,0.20454545454545453,0.06428243465332252,0.4711038961038961,0.010560685693045824,2.0
www.espn.com,0.13323863636363636,0.01263328403256267,0.44517045454545456,0.04316744049289089,2.0
www.hospitalitynet.org,-0.027976190476190467,0.1607826133412269,0.38095238095238093,0.10943319232648953,2.0
www.futurity.org,0.10459415584415585,0.007323605948003532,0.45198051948051954,0.1681903986679432,2.0
www.governance.fyi,0.0527777777777778,0.28677108348121094,0.4131944444444444,0.08937044039996647,2.0
skepticalscience.com,-0.0027056277056277077,0.08188357747506557,0.4274891774891775,0.14387021089076943,2.0
www.cbsnews.com,0.08446969696969696,0.060532625965212014,0.4796212121212121,0.09717361371760581,2.0
science.nasa.gov,-0.17727272727272728,0.38569460791993504,0.5068181818181818,0.2732003472766207,2.0
www.syllad.com,-0.09375,0.014731391274719747,0.33125000000000004,0.1620453040219171,2.0
www.palmbeachpost.com,-0.14796626984126987,0.0197120045152202,0.3244543650793651,0.08663461059180413,2.0
agwired.com,0.24289772727272727,0.010044130414581652,0.35132575757575757,0.1432962605813648,2.0
www.nzherald.co.nz,0.36553030303030304,0.33159022542005523,0.5601010101010101,0.26855772699610286,2.0
www.thenation.com,-0.02857142857142858,0.24243661069253059,0.3523809523809524,0.49834192197909066,2.0
www.sacbee.com,-0.09164682539682541,0.04829090358817654,0.26259920634920636,0.0352150400948062,2.0
www.theverge.com,0.18006653839987172,0.23720445132877244,0.451228555395222,0.10688513638498436,2.0
www.resilience.org,0.029375,0.12639533713709536,0.52875,0.19975766568519973,2.0
www.project-syndicate.org,0.0798076923076923,0.05393955574435844,0.4044871794871795,0.10062673424577794,2.0
cheezburger.com,0.11284902597402596,0.16136038998602756,0.4583955627705627,0.04781771344420067,2.0
www.theatlantic.com,0.0,1.0,0.0,1.0,1.0
www.thejournal.ie,0.0,1.0,0.0,1.0,1.0
www.klfy.com,0.0,1.0,0.0,1.0,1.0
www.theadvocate.com,0.0,1.0,0.0,1.0,1.0
www.insurancejournal.com,0.0,1.0,0.0,1.0,1.0
www.techradar.com,0.0,1.0,0.0,1.0,1.0
www.koreatimes.co.kr,0.0,1.0,0.0,1.0,1.0
www.techmeme.com,0.0,1.0,0.0,1.0,1.0
www.islands.com,0.0,1.0,0.0,1.0,1.0
www.theregister.com,0.0,1.0,0.0,1.0,1.0
www.indiewire.com,0.0,1.0,0.0,1.0,1.0
www.independent.ie,0.0,1.0,0.0,1.0,1.0
www.stltoday.com,0.0,1.0,0.0,1.0,1.0
www.ibtimes.com,0.0,1.0,0.0,1.0,1.0
www.thestate.com,0.0,1.0,0.0,1.0,1.0
www.thestranger.com,0.0,1.0,0.0,1.0,1.0
www.thesurvivalpodcast.com,0.0,1.0,0.0,1.0,1.0
www.tomshardware.com,0.0,1.0,0.0,1.0,1.0
www.hhhistory.com,0.0,1.0,0.0,1.0,1.0
www.usatoday.com,0.0,1.0,0.0,1.0,1.0
www.haaretz.com,0.0,1.0,0.0,1.0,1.0
www.wnd.com,0.0,1.0,0.0,1.0,1.0
www.superpunch.net,0.0,1.0,0.0,1.0,1.0
www.lifehack.org,0.0,1.0,0.0,1.0,1.0
www.sportingnews.com,0.0,1.0,0.0,1.0,1.0
www.kqed.org,0.0,1.0,0.0,1.0,1.0
www.orlandosentinel.com,0.0,1.0,0.0,1.0,1.0
www.pcgamer.com,0.0,1.0,0.0,1.0,1.0
www.pehub.com,0.0,1.0,0.0,1.0,1.0
www.newsherald.com,0.0,1.0,0.0,1.0,1.0
www.pewresearch.org,0.0,1.0,0.0,1.0,1.0
www.newser.com,0.0,1.0,0.0,1.0,1.0
www.prevention.com,0.0,1.0,0.0,1.0,1.0
www.prnewswire.co.uk,0.0,1.0,0.0,1.0,1.0
www.psychologytoday.com,0.0,1.0,0.0,1.0,1.0
www.nbcnews.com,0.0,1.0,0.0,1.0,1.0
www.redding.com,0.0,1.0,0.0,1.0,1.0
www.nationalgeographic.com,0.0,1.0,0.0,1.0,1.0
www.rockpapershotgun.com,0.0,1.0,0.0,1.0,1.0
www.rollingstone.com,0.0,1.0,0.0,1.0,1.0
www.mutualfundobserver.com,0.0,1.0,0.0,1.0,1.0
www.mindbodygreen.com,0.0,1.0,0.0,1.0,1.0
www.saastr.com,0.0,1.0,0.0,1.0,1.0
www.marketwatch.com,0.0,1.0,0.0,1.0,1.0
www.marketplace.org,0.0,1.0,0.0,1.0,1.0
www.makeuseof.com,0.0,1.0,0.0,1.0,1.0
www.sciencealert.com,0.0,1.0,0.0,1.0,1.0
www.sfchronicle.com,0.0,1.0,0.0,1.0,1.0
www.linksdv.com,0.0,1.0,0.0,1.0,1.0
www.sfgate.com,0.0,1.0,0.0,1.0,1.0
www.spacewar.com,0.0,1.0,0.0,1.0,1.0
www.pbs.org,0.0,1.0,0.0,1.0,1.0
3dpaws.comet.ucar.edu,0.0,1.0,0.0,1.0,1.0
www.globalresearch.ca,0.0,1.0,0.0,1.0,1.0
m.economictimes.com,0.0,1.0,0.0,1.0,1.0
grist.org,0.0,1.0,0.0,1.0,1.0
hackaday.com,0.0,1.0,0.0,1.0,1.0
hyperallergic.com,0.0,1.0,0.0,1.0,1.0
japantoday.com,0.0,1.0,0.0,1.0,1.0
lancasteronline.com,0.0,1.0,0.0,1.0,1.0
legalinsurrection.com,0.0,1.0,0.0,1.0,1.0
lenscratch.com,0.0,1.0,0.0,1.0,1.0
lithub.com,0.0,1.0,0.0,1.0,1.0
me.pcmag.com,0.0,1.0,0.0,1.0,1.0
freethoughtblogs.com,0.0,1.0,0.0,1.0,1.0
mymodernmet.com,0.0,1.0,0.0,1.0,1.0
nep123.com,0.0,1.0,0.0,1.0,1.0
newatlas.com,0.0,1.0,0.0,1.0,1.0
newrepublic.com,0.0,1.0,0.0,1.0,1.0
news.slashdot.org,0.0,1.0,0.0,1.0,1.0
news.stanford.edu,0.0,1.0,0.0,1.0,1.0
news.un.org,0.0,1.0,0.0,1.0,1.0
ngmdb.usgs.gov,0.0,1.0,0.0,1.0,1.0
fsfe.org,0.0,1.0,0.0,1.0,1.0
fox40.com,0.0,1.0,0.0,1.0,1.0
www.geeky-gadgets.com,0.0,1.0,0.0,1.0,1.0
caribbeannewsglobal.com,0.0,1.0,0.0,1.0,1.0
9to5toys.com,0.0,1.0,0.0,1.0,1.0
abc7.com,0.0,1.0,0.0,1.0,1.0
agriculture.gouv.fr,0.0,1.0,0.0,1.0,1.0
ambcrypto.com,0.0,1.0,0.0,1.0,1.0
apnews.com,0.0,1.0,0.0,1.0,1.0
bengreenfieldlife.com,0.0,1.0,0.0,1.0,1.0
binaryigor.com,0.0,1.0,0.0,1.0,1.0
bringatrailer.com,0.0,1.0,0.0,1.0,1.0
chriskresser.com,0.0,1.0,0.0,1.0,1.0
english.gossiplankanews.com,0.0,1.0,0.0,1.0,1.0
consent.yahoo.com,0.0,1.0,0.0,1.0,1.0
constitutionofinnovation.eu,0.0,1.0,0.0,1.0,1.0
cryptonews.com,0.0,1.0,0.0,1.0,1.0
dailycoffeenews.com,0.0,1.0,0.0,1.0,1.0
deadline.com,0.0,1.0,0.0,1.0,1.0
dineshkhabar.com,0.0,1.0,0.0,1.0,1.0
e360.yale.edu,0.0,1.0,0.0,1.0,1.0
en.antaranews.com,0.0,1.0,0.0,1.0,1.0
onefootball.com,0.0,1.0,0.0,1.0,1.0
petapixel.com,0.0,1.0,0.0,1.0,1.0
pubs.rsc.org,0.0,1.0,0.0,1.0,1.0
www.construction-physics.com,0.0,1.0,0.0,1.0,1.0
www.bgr.com,0.0,1.0,0.0,1.0,1.0
www.bleepingcomputer.com,0.0,1.0,0.0,1.0,1.0
www.bolde.com,0.0,1.0,0.0,1.0,1.0
www.boredpanda.com,0.0,1.0,0.0,1.0,1.0
6abc.com,0.0,1.0,0.0,1.0,1.0
www.chron.com,0.0,1.0,0.0,1.0,1.0
www.cnbc.com,0.0,1.0,0.0,1.0,1.0
www.cnn.com,0.0,1.0,0.0,1.0,1.0
www.counterpunch.org,0.0,1.0,0.0,1.0,1.0
ratfactor.com,0.0,1.0,0.0,1.0,1.0
www.dailydot.com,0.0,1.0,0.0,1.0,1.0
www.decanter.com,0.0,1.0,0.0,1.0,1.0
www.designboom.com,0.0,1.0,0.0,1.0,1.0
www.dezeen.com,0.0,1.0,0.0,1.0,1.0
www.firstshowing.net,0.0,1.0,0.0,1.0,1.0
www.foxnews.com,0.0,1.0,0.0,1.0,1.0
www.fresnobee.com,0.0,1.0,0.0,1.0,1.0
www.gamesradar.com,0.0,1.0,0.0,1.0,1.0
www.bbc.co.uk,0.0,1.0,0.0,1.0,1.0
www.asimov.press,0.0,1.0,0.0,1.0,1.0
www.androidpolice.com,0.0,1.0,0.0,1.0,1.0
www.androidauthority.com,0.0,1.0,0.0,1.0,1.0
reasonstobecheerful.world,0.0,1.0,0.0,1.0,1.0
ritholtz.com,0.0,1.0,0.0,1.0,1.0
rollingout.com,0.0,1.0,0.0,1.0,1.0
scienceblog.com,0.0,1.0,0.0,1.0,1.0
ssir.org,0.0,1.0,0.0,1.0,1.0
tedium.co,0.0,1.0,0.0,1.0,1.0
thefly.com,0.0,1.0,0.0,1.0,1.0
thehackernews.com,0.0,1.0,0.0,1.0,1.0
typeforyou.org,0.0,1.0,0.0,1.0,1.0
unchartedterritories.tomaspueyo.com,0.0,1.0,0.0,1.0,1.0
variety.com,0.0,1.0,0.0,1.0,1.0
viralviralvideos.com,0.0,1.0,0.0,1.0,1.0
virginiamercury.com,0.0,1.0,0.0,1.0,1.0
waxbanks.wordpress.com,0.0,1.0,0.0,1.0,1.0
whereisthebuzz.com,0.0,1.0,0.0,1.0,1.0
www.activistpost.com,0.0,1.0,0.0,1.0,1.0
www.allaboutthejersey.com,0.0,1.0,0.0,1.0,1.0
www.ycombinator.com,0.0,1.0,0.0,1.0,1.0
